{"epoch": 0, "align_loss": 0.5881067514419556, "uniform_loss": -1.8632087707519531, "_timestamp": 1669753662, "_runtime": 69, "_step": 4, "dual_var": 1.401280339558919, "slack": 0.3804470062255859, "_wandb": {"runtime": 71}}