{"epoch": 0, "align_loss": 0.5236688852310181, "uniform_loss": -1.5816075801849365, "_timestamp": 1669753299, "_runtime": 70, "_step": 4, "dual_var": 1.4846130569775897, "slack": 0.46377972364425657, "_wandb": {"runtime": 71}}