{"epoch": 0, "align_loss": 1.2190775871276855, "uniform_loss": -2.594615936279297, "_timestamp": 1669755353, "_runtime": 33, "_step": 1, "dual_var": 0.665673650552829, "slack": -0.35515968278050425, "_wandb": {"runtime": 36}}