{"epoch": 0, "align_loss": 1.194291114807129, "uniform_loss": -2.4626870155334473, "_timestamp": 1669755189, "_runtime": 33, "_step": 1, "dual_var": 0.7084987570842106, "slack": -0.31233457624912264, "_wandb": {"runtime": 35}}