{"epoch": 33, "align_loss": 0.3897238075733185, "uniform_loss": -3.397970676422119, "_timestamp": 1669757502, "_runtime": 1585, "_step": 168, "dual_var": 2.899591066439949, "slack": -0.02265381217002871, "val acc": 0.372875}