{"epoch": 0, "align_loss": 0.5624570250511169, "uniform_loss": -1.787877082824707, "_timestamp": 1669753752, "_runtime": 70, "_step": 4, "dual_var": 1.3937622268994647, "slack": 0.37292889356613157, "_wandb": {"runtime": 71}}