{"epoch": 0, "align_loss": 1.1955950260162354, "uniform_loss": -2.5506560802459717, "_timestamp": 1669753912, "_runtime": 42, "_step": 1, "dual_var": 0.6486923673500616, "slack": -0.3721409659832716, "_wandb": {"runtime": 43}}