{"epoch": 1, "align_loss": 0.14378103613853455, "uniform_loss": -0.3380911350250244, "_timestamp": 1669755687, "_runtime": 229, "_step": 3, "dual_var": 0.299095666160186, "slack": -0.3755792208015919}