{"epoch": 29, "align_loss": 0.380524218082428, "uniform_loss": -3.5687031745910645, "_timestamp": 1669753121, "_runtime": 1257, "_step": 146, "dual_var": 2.698855413993202, "slack": -0.01950466036796572}