{"epoch": 0, "align_loss": 1.1932839155197144, "uniform_loss": -2.514632225036621, "_timestamp": 1669755071, "_runtime": 41, "_step": 1, "dual_var": 0.6652505246301491, "slack": -0.35558280870318415, "_wandb": {"runtime": 43}}